"numOpe","dateOpe","description","montantOpe","numCpt","codeTypeOpe"
1,2014-02-15 00:00:00.000,"",15000.00,LI00000001,DEP
2,2015-02-15 00:00:00.000,"",2500.00,LI00000001,RET
3,2015-06-02 00:00:00.000,"",1500.00,LI00000002,DEP
4,2015-07-02 00:00:00.000,"",1500.00,LI00000002,DEP
5,2015-08-02 00:00:00.000,"",1500.00,LI00000002,DEP
6,2015-09-02 00:00:00.000,"",5500.00,LI00000002,RET
7,2016-06-14 00:00:00.000,"",45000.00,LI00000003,DEP
8,2016-12-14 00:00:00.000,"",35000.00,LI00000003,DEP
9,2018-01-14 00:00:00.000,"",25000.00,LI00000003,DEP
10,2016-12-21 00:00:00.000,"",1500.00,LI00000004,DEP
11,2017-03-21 00:00:00.000,"",2500.00,LI00000004,DEP
12,2017-05-21 00:00:00.000,"",3500.00,LI00000004,DEP
13,2022-05-24 05:56:28.000,"",503.00,CO00000006,VIR
14,2021-01-26 04:06:18.000,"",37.00,LI00000005,DEP
15,2020-06-12 04:29:54.000,"",668.00,CO00000010,DEP
16,2020-05-19 07:30:10.000,"",923.00,LI00000003,DEP
17,2021-01-06 06:47:47.000,"",656.00,CO00000005,DEP
18,2022-11-18 03:50:42.000,"",474.00,CO00000001,RET
19,2021-02-03 03:59:10.000,"",966.00,CO00000006,VIR
20,2022-01-01 09:46:53.000,"",801.00,CC00000001,VIR
21,2021-11-08 03:06:09.000,"",942.00,LI00000002,VIR
22,2021-02-24 08:15:39.000,"",235.00,LI00000001,RET
23,2021-09-11 01:16:01.000,"",427.00,CO00000008,RET
24,2022-06-30 09:08:35.000,"",207.00,CO00000005,VIR
25,2022-01-11 10:01:05.000,"",231.00,LI00000001,DEP
26,2021-08-09 06:32:41.000,"",205.00,LI00000003,DEP
27,2021-07-17 06:59:33.000,"",8.00,CC00000001,DEP
28,2021-12-01 03:10:49.000,"",535.00,LI00000005,RET
29,2022-03-09 06:13:49.000,"",394.00,LI00000004,RET
30,2022-02-01 07:56:03.000,"",860.00,CC00000001,VIR
31,2021-01-07 01:20:00.000,"",502.00,CC00000001,VIR
32,2021-06-09 00:55:41.000,"",734.00,CO00000011,VIR
33,2021-08-10 04:44:48.000,"",116.00,LI00000003,VIR
34,2021-08-16 11:19:08.000,"",614.00,LI00000001,VIR
35,2022-09-29 09:23:43.000,"",197.00,CO00000009,RET
36,2020-11-11 01:05:36.000,"",62.00,CO00000009,VIR
37,2022-09-25 01:56:16.000,"",527.00,CC00000002,RET
38,2021-09-12 09:05:34.000,"",111.00,CO00000010,RET
39,2022-01-20 09:53:03.000,"",608.00,CO00000001,DEP
40,2020-10-19 00:31:58.000,"",32.00,LI00000001,VIR
41,2022-10-18 10:49:29.000,"",152.00,CO00000011,DEP
42,2020-09-27 02:15:27.000,"",951.00,CO00000004,VIR
43,2021-11-30 11:58:58.000,"",56.00,LI00000006,VIR
44,2020-10-13 07:37:23.000,"",677.00,CO00000010,VIR
45,2021-06-13 04:46:39.000,"",365.00,CO00000011,RET
46,2022-04-24 05:43:06.000,"",586.00,CO00000004,VIR
47,2022-10-29 01:02:08.000,"",269.00,CO00000007,RET
48,2020-05-05 11:32:00.000,"",25.00,LI00000005,DEP
49,2022-08-21 02:10:53.000,"",329.00,CO00000002,RET
50,2021-06-02 08:58:25.000,"",783.00,LI00000005,VIR
51,2021-01-18 08:22:09.000,"",54.00,LI00000001,VIR
52,2021-06-03 00:46:52.000,"",263.00,CO00000006,VIR
53,2020-10-14 11:24:57.000,"",619.00,LI00000004,RET
54,2021-09-06 02:33:34.000,"",877.00,CO00000002,DEP
55,2021-06-22 09:13:35.000,"",758.00,CC00000002,VIR
56,2022-09-02 00:54:32.000,"",807.00,CO00000011,VIR
57,2022-10-18 09:57:07.000,"",304.00,CO00000003,DEP
58,2020-12-30 00:55:33.000,"",746.00,LI00000006,VIR
59,2021-03-26 07:08:35.000,"",90.00,CO00000006,DEP
60,2021-05-26 07:18:58.000,"",457.00,LI00000001,RET
61,2021-02-27 04:08:02.000,"",190.00,LI00000006,VIR
62,2022-10-28 06:22:11.000,"",253.00,CO00000005,VIR
63,2021-09-27 05:46:38.000,"",443.00,LI00000001,VIR
64,2021-07-11 01:42:19.000,"",218.00,CO00000003,VIR
65,2020-02-29 00:25:06.000,"",413.00,LI00000003,VIR
66,2022-04-17 09:29:35.000,"",199.00,CO00000008,VIR
67,2020-10-08 05:30:09.000,"",704.00,CO00000006,DEP
68,2021-12-20 02:14:02.000,"",90.00,CO00000001,DEP
69,2020-01-15 10:09:02.000,"",415.00,LI00000006,DEP
70,2020-09-26 08:15:57.000,"",774.00,LI00000001,DEP
71,2020-10-20 04:38:53.000,"",259.00,CO00000005,DEP
72,2022-10-02 07:09:48.000,"",162.00,CO00000001,RET
73,2022-04-25 09:03:17.000,"",19.00,CO00000003,RET
74,2020-11-08 03:03:47.000,"",259.00,LI00000002,VIR
75,2020-12-31 02:10:43.000,"",279.00,LI00000005,VIR
76,2022-05-27 00:41:29.000,"",657.00,CO00000012,DEP
77,2021-04-11 11:06:18.000,"",776.00,LI00000006,DEP
78,2022-02-22 03:15:05.000,"",541.00,CO00000009,RET
79,2020-05-04 01:46:53.000,"",86.00,CO00000012,DEP
80,2022-06-24 00:00:17.000,"",287.00,CO00000003,VIR
81,2021-06-30 04:52:26.000,"",705.00,CO00000006,DEP
82,2020-02-16 10:42:50.000,"",71.00,LI00000002,DEP
83,2022-06-09 11:06:46.000,"",769.00,CO00000012,RET
84,2022-05-02 09:12:09.000,"",838.00,LI00000006,VIR
85,2021-08-02 11:22:30.000,"",923.00,CO00000003,RET
86,2021-01-03 04:16:33.000,"",233.00,LI00000003,DEP
87,2021-03-26 11:45:26.000,"",25.00,CO00000003,VIR
88,2021-12-14 10:15:14.000,"",332.00,CO00000011,DEP
89,2021-09-29 05:53:03.000,"",678.00,LI00000001,VIR
90,2020-07-21 00:22:18.000,"",280.00,CO00000009,DEP
91,2022-08-04 05:42:31.000,"",814.00,CO00000003,RET
92,2022-09-02 04:17:17.000,"",179.00,CO00000001,VIR
93,2020-01-13 03:02:41.000,"",783.00,CO00000009,DEP
94,2021-08-06 06:05:48.000,"",699.00,LI00000005,VIR
95,2022-07-05 00:08:05.000,"",143.00,LI00000001,DEP
96,2021-05-19 03:13:05.000,"",989.00,LI00000006,RET
97,2020-07-31 04:41:30.000,"",411.00,LI00000004,DEP
98,2022-11-18 01:09:56.000,"",381.00,LI00000005,VIR
99,2022-05-04 10:06:59.000,"",630.00,CC00000002,VIR
100,2022-04-05 07:05:17.000,"",804.00,LI00000003,VIR
101,2021-02-07 09:19:18.000,"",635.00,CO00000004,VIR
102,2022-07-24 07:30:14.000,"",920.00,CO00000003,RET
103,2020-08-24 06:05:26.000,"",786.00,LI00000003,RET
104,2022-10-24 00:30:58.000,"",253.00,CC00000001,DEP
105,2022-02-14 03:22:45.000,"",351.00,CC00000002,VIR
106,2021-05-26 11:31:16.000,"",156.00,CO00000003,RET
107,2022-02-16 11:44:12.000,"",915.00,CC00000002,VIR
108,2020-08-28 01:38:40.000,"",72.00,LI00000001,DEP
109,2021-06-02 10:04:54.000,"",426.00,LI00000006,DEP
110,2020-03-30 02:10:42.000,"",815.00,CC00000001,DEP
111,2020-01-28 06:06:02.000,"",712.00,CO00000008,VIR
112,2020-03-28 02:14:48.000,"",854.00,LI00000002,VIR
113,2020-07-23 09:30:04.000,"",576.00,LI00000003,RET
114,2020-01-27 10:57:53.000,"",807.00,CO00000004,RET
115,2022-03-25 09:23:07.000,"",814.00,CO00000010,VIR
116,2021-02-17 08:58:53.000,"",757.00,LI00000001,DEP
117,2022-02-10 06:07:40.000,"",216.00,CO00000001,VIR
118,2020-10-16 03:59:27.000,"",169.00,CO00000011,VIR
119,2020-08-20 11:00:37.000,"",388.00,CO00000004,DEP
120,2022-03-16 01:48:02.000,"",629.00,LI00000002,DEP
121,2020-08-24 04:09:02.000,"",486.00,LI00000004,RET
122,2020-08-26 09:48:19.000,"",711.00,CO00000007,DEP
123,2021-12-14 00:34:13.000,"",48.00,CO00000007,DEP
124,2020-07-27 11:05:33.000,"",585.00,CC00000002,RET
125,2022-08-23 05:28:50.000,"",290.00,CO00000007,RET
126,2020-10-07 01:44:47.000,"",870.00,CO00000005,DEP
127,2021-02-17 07:51:28.000,"",360.00,LI00000005,DEP
128,2020-12-04 07:00:27.000,"",847.00,CO00000002,RET
129,2021-06-28 06:30:31.000,"",595.00,CO00000010,RET
130,2021-02-14 00:33:10.000,"",378.00,CO00000002,VIR
131,2020-04-05 06:52:07.000,"",252.00,LI00000006,RET
132,2022-03-23 06:07:56.000,"",123.00,CO00000006,VIR
133,2021-03-29 01:47:49.000,"",423.00,CC00000002,VIR
134,2021-04-18 05:49:27.000,"",908.00,LI00000004,RET
135,2022-07-16 07:36:06.000,"",127.00,CO00000009,RET
136,2020-01-03 04:09:08.000,"",340.00,CC00000002,VIR
137,2020-12-26 01:33:29.000,"",791.00,CO00000003,RET
138,2021-01-17 10:18:49.000,"",19.00,CO00000010,VIR
139,2020-11-28 05:09:50.000,"",585.00,LI00000003,RET
140,2020-04-18 04:46:20.000,"",936.00,LI00000004,RET
141,2020-01-14 04:23:00.000,"",355.00,CO00000009,RET
142,2021-04-09 11:27:59.000,"",920.00,CO00000004,DEP
143,2020-02-16 08:07:33.000,"",101.00,CO00000007,VIR
144,2021-09-23 08:13:14.000,"",242.00,CO00000012,RET
145,2021-01-14 09:12:50.000,"",556.00,CO00000009,VIR
146,2022-09-07 02:07:14.000,"",135.00,CO00000012,RET
147,2020-09-20 10:57:15.000,"",294.00,CO00000001,DEP
148,2022-07-19 01:36:11.000,"",565.00,CO00000008,DEP
149,2021-01-25 09:00:41.000,"",501.00,CO00000005,VIR
150,2021-07-11 00:42:07.000,"",189.00,LI00000005,RET
151,2020-04-08 11:45:05.000,"",64.00,CO00000005,RET
152,2020-08-06 07:07:48.000,"",143.00,CO00000003,DEP
153,2020-03-14 11:07:55.000,"",174.00,LI00000005,RET
154,2021-08-30 04:26:39.000,"",303.00,CO00000012,RET
155,2020-06-14 00:12:02.000,"",780.00,CO00000006,RET
156,2021-03-09 07:11:29.000,"",902.00,CO00000012,VIR
157,2021-04-10 10:12:24.000,"",871.00,CC00000001,VIR
158,2021-03-26 10:17:56.000,"",493.00,LI00000004,DEP
159,2021-06-16 02:34:43.000,"",671.00,CO00000007,RET
160,2020-05-09 05:56:58.000,"",470.00,CO00000011,VIR
161,2021-03-03 10:00:49.000,"",108.00,LI00000002,VIR
162,2021-07-08 01:11:46.000,"",627.00,CC00000002,RET
163,2020-01-14 03:55:39.000,"",138.00,CO00000005,DEP
164,2021-01-10 04:33:54.000,"",469.00,CO00000012,VIR
165,2022-02-04 03:31:21.000,"",789.00,CO00000011,DEP
166,2020-01-17 04:53:52.000,"",253.00,LI00000005,VIR
167,2021-07-20 09:42:55.000,"",11.00,LI00000006,DEP
168,2021-03-13 05:40:43.000,"",988.00,LI00000005,VIR
169,2021-01-17 10:10:53.000,"",683.00,CO00000004,DEP
170,2020-10-24 01:06:15.000,"",852.00,CO00000003,RET
171,2022-02-24 06:45:27.000,"",376.00,LI00000001,RET
172,2022-11-20 01:08:13.000,"",759.00,CO00000004,RET
173,2020-08-10 06:27:45.000,"",720.00,LI00000004,DEP
174,2021-09-05 10:48:10.000,"",48.00,CO00000004,VIR
175,2021-09-26 09:22:45.000,"",466.00,CO00000010,DEP
176,2021-12-28 07:58:16.000,"",514.00,LI00000006,VIR
177,2020-11-01 03:38:57.000,"",605.00,CC00000001,VIR
178,2021-10-27 08:52:35.000,"",250.00,LI00000003,DEP
179,2021-12-09 01:49:55.000,"",120.00,CO00000011,RET
180,2021-12-07 06:37:36.000,"",39.00,CO00000003,VIR
181,2020-08-04 03:52:43.000,"",246.00,LI00000006,RET
182,2021-03-14 02:57:12.000,"",239.00,CO00000004,VIR
183,2022-04-05 07:57:47.000,"",306.00,CC00000001,DEP
184,2022-03-17 03:26:33.000,"",420.00,CO00000003,RET
185,2020-10-23 02:26:00.000,"",500.00,CO00000005,RET
186,2022-04-15 03:30:47.000,"",194.00,LI00000003,DEP
187,2021-11-24 08:07:28.000,"",215.00,LI00000004,RET
188,2021-11-13 08:22:34.000,"",979.00,CO00000002,RET
189,2022-04-23 08:16:53.000,"",735.00,CC00000001,RET
190,2020-11-08 05:14:17.000,"",664.00,LI00000003,DEP
191,2022-10-26 06:20:49.000,"",416.00,CO00000010,RET
192,2021-08-19 04:59:10.000,"",398.00,CC00000002,DEP
193,2022-07-30 08:52:01.000,"",706.00,LI00000006,RET
194,2022-09-22 05:37:07.000,"",975.00,CO00000002,RET
195,2020-09-11 11:45:03.000,"",579.00,LI00000001,RET
196,2020-03-05 02:39:30.000,"",541.00,CO00000002,RET
197,2021-12-23 07:09:11.000,"",253.00,CO00000012,DEP
198,2022-12-04 00:48:22.000,"",587.00,CO00000004,RET
199,2020-09-18 06:12:46.000,"",271.00,CO00000011,RET
200,2020-11-10 04:05:04.000,"",464.00,CO00000006,VIR
201,2022-12-11 10:54:38.000,"",310.00,LI00000001,VIR
202,2022-08-25 05:42:59.000,"",880.00,CO00000008,DEP
203,2020-08-13 11:17:02.000,"",305.00,LI00000002,VIR
204,2020-11-03 08:59:33.000,"",112.00,LI00000005,RET
205,2020-11-06 05:15:38.000,"",733.00,CC00000001,VIR
206,2020-06-08 07:22:53.000,"",895.00,CO00000008,DEP
207,2021-07-21 01:21:10.000,"",168.00,CO00000003,DEP
208,2022-06-20 02:07:18.000,"",219.00,CO00000008,RET
209,2020-06-05 06:27:55.000,"",442.00,LI00000005,DEP
210,2020-06-22 03:33:23.000,"",506.00,CO00000012,DEP
211,2020-11-29 00:03:54.000,"",11.00,CO00000004,VIR
212,2021-02-08 03:27:19.000,"",886.00,CO00000002,RET
213,2020-03-09 08:58:05.000,"",385.00,CO00000011,VIR
214,2021-01-17 11:34:19.000,"",541.00,CO00000002,DEP
215,2021-03-02 00:59:08.000,"",702.00,CO00000004,RET
216,2021-02-26 07:41:43.000,"",358.00,CO00000010,DEP
217,2022-06-05 02:41:08.000,"",811.00,LI00000005,RET
218,2020-01-28 03:26:05.000,"",337.00,CO00000004,VIR
219,2020-09-23 04:31:04.000,"",449.00,CO00000003,VIR
220,2022-08-23 00:59:38.000,"",496.00,LI00000002,RET
221,2020-01-04 02:32:56.000,"",365.00,CO00000005,VIR
222,2021-07-03 10:11:07.000,"",243.00,CO00000007,DEP
223,2020-10-01 01:04:00.000,"",490.00,LI00000004,RET
224,2021-03-08 10:55:48.000,"",428.00,LI00000005,DEP
225,2020-09-04 04:17:34.000,"",497.00,CO00000007,DEP
226,2020-05-12 02:29:55.000,"",561.00,LI00000006,VIR
227,2022-11-06 03:27:30.000,"",349.00,CO00000005,RET
228,2022-11-03 02:44:20.000,"",905.00,CO00000001,VIR
229,2021-06-18 07:29:54.000,"",688.00,LI00000001,DEP
230,2021-03-11 03:32:24.000,"",429.00,LI00000005,VIR
231,2022-01-25 02:36:08.000,"",154.00,LI00000005,DEP
232,2022-02-11 10:47:23.000,"",837.00,LI00000002,RET
233,2020-08-15 09:53:02.000,"",992.00,LI00000004,VIR
234,2020-05-08 00:03:55.000,"",145.00,CO00000002,RET
235,2020-05-06 04:24:36.000,"",529.00,CO00000005,VIR
236,2021-06-22 01:18:55.000,"",531.00,CC00000001,VIR
237,2021-02-15 08:50:44.000,"",394.00,LI00000001,DEP
238,2021-09-11 01:46:40.000,"",433.00,CO00000001,DEP
239,2020-06-06 07:57:37.000,"",546.00,LI00000006,DEP
240,2022-11-16 01:23:23.000,"",112.00,CO00000002,RET
241,2021-04-15 02:14:55.000,"",487.00,CO00000004,RET
242,2022-01-14 01:55:48.000,"",153.00,CO00000003,DEP
243,2022-07-03 05:54:52.000,"",244.00,LI00000006,DEP
244,2022-04-30 10:09:25.000,"",637.00,CO00000009,RET
245,2020-10-06 07:28:04.000,"",963.00,CC00000001,RET
246,2021-02-25 02:10:38.000,"",944.00,CO00000005,VIR
247,2022-01-23 09:11:02.000,"",223.00,CO00000006,DEP
248,2020-11-05 04:18:32.000,"",408.00,LI00000005,DEP
249,2022-06-18 09:40:44.000,"",417.00,CO00000002,DEP
250,2022-03-06 03:40:52.000,"",319.00,LI00000003,VIR
251,2022-04-04 09:50:42.000,"",788.00,CO00000001,VIR
252,2020-09-19 09:49:00.000,"",963.00,LI00000005,RET
253,2020-03-13 11:24:02.000,"",978.00,CO00000001,RET
254,2021-03-07 02:27:47.000,"",696.00,CO00000004,VIR
255,2020-11-06 10:18:17.000,"",179.00,CO00000008,RET
256,2020-05-22 09:54:16.000,"",270.00,LI00000002,VIR
257,2020-11-07 10:16:59.000,"",245.00,CO00000003,RET
258,2022-07-18 01:00:38.000,"",870.00,CO00000012,VIR
259,2020-08-05 05:43:05.000,"",349.00,CC00000001,RET
260,2021-04-23 10:16:53.000,"",607.00,CO00000002,RET
261,2022-08-03 02:09:07.000,"",45.00,CO00000005,RET
262,2022-10-07 09:07:30.000,"",424.00,CO00000012,DEP
263,2020-02-07 06:39:11.000,"",822.00,CO00000012,VIR
264,2021-07-07 03:37:14.000,"",637.00,LI00000001,DEP
265,2021-09-14 10:17:49.000,"",507.00,CO00000003,DEP
266,2020-03-23 07:01:45.000,"",593.00,CO00000012,DEP
267,2022-02-28 09:00:28.000,"",109.00,CO00000002,VIR
268,2021-03-23 11:17:01.000,"",165.00,CO00000003,VIR
269,2022-11-04 00:00:51.000,"",952.00,CO00000004,DEP
270,2022-10-16 10:43:17.000,"",51.00,CO00000005,DEP
271,2022-08-11 04:10:23.000,"",196.00,CO00000001,VIR
272,2021-01-28 02:18:15.000,"",102.00,CO00000002,RET
273,2021-08-19 11:23:51.000,"",98.00,CO00000005,VIR
274,2022-08-15 02:27:18.000,"",597.00,CO00000003,VIR
275,2020-05-04 06:22:39.000,"",87.00,CO00000005,VIR
276,2020-04-05 11:12:02.000,"",139.00,CO00000005,VIR
277,2021-05-30 03:44:00.000,"",467.00,CO00000010,VIR
278,2020-08-17 02:30:59.000,"",426.00,CO00000012,DEP
279,2020-01-03 11:32:04.000,"",696.00,CO00000010,RET
280,2020-08-03 09:23:02.000,"",294.00,LI00000003,RET
281,2021-05-26 06:25:43.000,"",419.00,CO00000005,DEP
282,2020-08-20 08:02:21.000,"",105.00,LI00000003,DEP
283,2020-04-05 02:12:28.000,"",584.00,LI00000004,VIR
284,2020-11-01 07:26:22.000,"",644.00,CO00000007,VIR
285,2020-03-28 02:50:41.000,"",287.00,CO00000006,DEP
286,2020-10-21 04:38:36.000,"",152.00,CO00000003,DEP
287,2022-05-20 01:08:25.000,"",606.00,LI00000004,DEP
288,2021-03-28 11:00:39.000,"",483.00,CO00000011,DEP
289,2022-08-26 02:34:26.000,"",479.00,CO00000006,DEP
290,2020-02-04 11:31:15.000,"",839.00,LI00000006,VIR
291,2020-12-13 10:23:53.000,"",563.00,CO00000008,VIR
292,2022-11-07 07:56:54.000,"",559.00,CO00000011,DEP
293,2020-12-12 02:09:29.000,"",324.00,LI00000003,DEP
294,2020-03-26 03:17:49.000,"",639.00,CO00000003,VIR
295,2020-02-05 06:45:37.000,"",353.00,CO00000005,DEP
296,2020-03-27 05:53:16.000,"",196.00,CO00000004,DEP
297,2020-11-07 07:22:37.000,"",468.00,LI00000006,VIR
298,2021-12-20 08:45:11.000,"",731.00,LI00000004,RET
299,2020-01-14 08:46:41.000,"",95.00,CO00000002,RET
300,2021-12-08 00:12:27.000,"",260.00,CC00000001,RET
301,2022-05-08 02:07:25.000,"",572.00,CO00000001,VIR
302,2021-05-18 03:53:22.000,"",215.00,LI00000002,DEP
303,2020-01-01 07:34:25.000,"",348.00,LI00000003,DEP
304,2020-10-25 01:30:59.000,"",392.00,CO00000006,DEP
305,2022-12-02 02:30:37.000,"",930.00,CO00000010,RET
306,2021-11-02 05:37:21.000,"",660.00,CC00000002,RET
307,2021-08-28 00:21:45.000,"",675.00,LI00000001,RET
308,2021-07-21 10:06:24.000,"",699.00,CO00000007,DEP
309,2021-10-09 08:05:31.000,"",993.00,CO00000003,VIR
310,2022-04-20 08:13:27.000,"",776.00,CO00000005,RET
311,2020-05-19 00:13:33.000,"",437.00,CC00000002,VIR
312,2022-11-08 01:28:53.000,"",589.00,CO00000002,DEP
313,2021-06-30 07:21:55.000,"",559.00,CO00000004,DEP
314,2022-05-22 11:39:50.000,"",923.00,CO00000011,RET
315,2021-05-01 05:29:59.000,"",501.00,LI00000005,RET
316,2022-05-18 07:59:28.000,"",860.00,LI00000001,RET
317,2021-09-01 05:41:13.000,"",694.00,CO00000004,VIR
318,2021-08-13 00:37:49.000,"",656.00,CO00000003,DEP
319,2022-02-04 10:42:57.000,"",130.00,CO00000009,VIR
320,2022-01-25 06:49:26.000,"",148.00,CO00000012,DEP
321,2021-01-13 11:00:43.000,"",179.00,CO00000001,RET
322,2022-05-12 06:52:57.000,"",780.00,CC00000002,DEP
323,2020-07-30 00:01:37.000,"",163.00,LI00000004,DEP
324,2020-12-13 10:17:17.000,"",599.00,CO00000004,RET
325,2021-10-30 03:22:17.000,"",170.00,CC00000001,RET
326,2022-02-27 04:09:52.000,"",823.00,CO00000009,RET
327,2022-04-24 01:55:53.000,"",837.00,CO00000008,VIR
328,2021-02-28 09:21:20.000,"",818.00,CO00000001,RET
329,2021-04-29 07:13:35.000,"",49.00,LI00000004,DEP
330,2021-11-28 04:22:21.000,"",590.00,CO00000004,DEP
331,2022-07-13 07:15:16.000,"",810.00,LI00000005,RET
332,2021-01-19 10:27:01.000,"",142.00,CO00000011,VIR
333,2020-07-02 11:04:23.000,"",730.00,LI00000006,DEP
334,2022-02-23 01:58:10.000,"",278.00,CO00000010,DEP
335,2021-02-01 02:22:29.000,"",869.00,CC00000001,RET
336,2020-10-02 08:29:29.000,"",725.00,LI00000001,RET
337,2021-09-30 11:17:37.000,"",901.00,CO00000010,VIR
338,2020-04-24 04:39:12.000,"",652.00,LI00000004,DEP
339,2021-01-03 00:42:18.000,"",827.00,LI00000006,RET
340,2020-08-16 01:10:57.000,"",938.00,LI00000003,VIR
341,2021-06-15 03:25:07.000,"",122.00,LI00000001,RET
342,2020-04-24 00:33:18.000,"",586.00,CO00000010,DEP
343,2021-02-27 05:41:45.000,"",373.00,CO00000009,DEP
344,2022-04-11 11:58:52.000,"",927.00,CO00000005,DEP
345,2020-12-04 11:25:48.000,"",592.00,LI00000003,DEP
346,2022-09-04 11:45:21.000,"",446.00,CC00000002,RET
347,2021-12-21 07:15:45.000,"",277.00,CC00000001,DEP
348,2022-11-19 10:40:53.000,"",773.00,CO00000005,VIR
349,2020-09-22 11:37:13.000,"",957.00,CO00000001,RET
350,2020-06-13 02:05:34.000,"",615.00,CO00000007,VIR
351,2022-07-26 07:25:43.000,"",953.00,CO00000004,RET
352,2021-04-13 09:39:45.000,"",21.00,CO00000010,DEP
353,2021-01-13 09:19:06.000,"",481.00,CO00000011,VIR
354,2020-04-27 06:19:12.000,"",177.00,LI00000006,RET
355,2021-02-06 03:34:00.000,"",541.00,LI00000006,DEP
356,2020-09-06 10:31:44.000,"",330.00,CO00000005,DEP
357,2020-02-21 06:01:46.000,"",334.00,CO00000005,RET
358,2020-03-17 02:11:04.000,"",690.00,CO00000005,VIR
359,2020-11-27 05:18:31.000,"",178.00,CO00000004,DEP
360,2022-02-28 04:21:59.000,"",410.00,CO00000003,DEP
361,2021-01-12 10:24:40.000,"",135.00,CO00000002,DEP
362,2020-12-27 00:12:50.000,"",983.00,LI00000003,DEP
363,2022-04-16 11:08:47.000,"",833.00,CO00000006,DEP
364,2021-08-21 09:09:21.000,"",667.00,CO00000012,VIR
365,2020-07-14 05:30:19.000,"",198.00,LI00000006,VIR
366,2020-12-13 05:45:30.000,"",773.00,CO00000008,RET
367,2020-12-28 05:17:21.000,"",77.00,CO00000001,DEP
368,2022-12-09 03:26:17.000,"",918.00,CO00000008,VIR
369,2020-07-16 00:12:51.000,"",961.00,CO00000003,RET
370,2021-02-12 06:16:54.000,"",599.00,LI00000003,RET
371,2020-11-19 10:45:52.000,"",300.00,CC00000002,VIR
372,2020-11-20 07:14:04.000,"",666.00,CO00000010,DEP
373,2021-09-26 07:01:43.000,"",111.00,CO00000004,DEP
374,2022-02-02 03:54:04.000,"",569.00,CO00000004,RET
375,2020-11-05 02:46:24.000,"",868.00,CO00000005,VIR
376,2021-03-13 09:12:29.000,"",446.00,CO00000004,RET
377,2021-10-19 08:00:31.000,"",896.00,CO00000011,DEP
378,2022-12-08 06:10:51.000,"",429.00,CO00000011,RET
379,2021-09-20 05:17:27.000,"",721.00,LI00000002,DEP
380,2021-08-25 06:04:59.000,"",739.00,CO00000003,DEP
381,2022-08-10 03:00:39.000,"",134.00,CO00000003,RET
382,2020-07-07 06:10:16.000,"",443.00,CO00000001,DEP
383,2022-04-18 07:55:27.000,"",908.00,CO00000001,VIR
384,2021-01-11 09:18:30.000,"",947.00,CO00000007,RET
385,2021-04-06 05:09:57.000,"",411.00,CO00000009,RET
386,2022-07-12 04:41:55.000,"",592.00,LI00000006,DEP
387,2020-07-19 01:00:39.000,"",576.00,LI00000002,DEP
388,2021-12-19 10:58:33.000,"",937.00,CO00000002,VIR
389,2021-12-01 06:36:36.000,"",966.00,CO00000003,RET
390,2022-09-08 05:54:41.000,"",588.00,CO00000007,DEP
391,2021-08-28 11:58:38.000,"",884.00,CO00000011,RET
392,2020-02-22 03:59:02.000,"",655.00,LI00000003,DEP
393,2022-08-11 06:27:31.000,"",775.00,CO00000006,RET
394,2022-02-23 01:03:49.000,"",206.00,LI00000004,VIR
395,2021-09-20 01:56:21.000,"",372.00,CO00000011,VIR
396,2022-10-25 10:27:21.000,"",298.00,CO00000012,VIR
397,2022-11-08 04:02:27.000,"",323.00,CO00000004,VIR
398,2021-10-26 09:33:43.000,"",434.00,CO00000002,VIR
399,2021-11-11 11:33:22.000,"",263.00,CO00000002,VIR
400,2021-04-18 09:24:13.000,"",562.00,LI00000001,VIR
401,2020-12-26 03:22:23.000,"",562.00,CO00000006,DEP
402,2022-08-25 01:15:18.000,"",933.00,LI00000001,RET
403,2021-01-22 11:08:04.000,"",210.00,CO00000003,RET
404,2022-03-14 03:38:48.000,"",449.00,CO00000008,DEP
405,2020-07-19 04:53:23.000,"",573.00,CO00000006,DEP
406,2020-04-21 02:58:24.000,"",320.00,LI00000001,DEP
407,2021-08-07 04:58:54.000,"",985.00,LI00000003,RET
408,2020-11-16 10:58:27.000,"",146.00,CO00000012,VIR
409,2020-06-05 07:25:21.000,"",406.00,CO00000001,DEP
410,2022-08-19 05:19:13.000,"",765.00,CO00000002,DEP
411,2022-01-26 07:00:34.000,"",607.00,LI00000002,DEP
412,2021-10-21 01:33:57.000,"",464.00,LI00000005,VIR
413,2022-11-24 00:25:33.000,"",621.00,CO00000009,DEP
414,2020-04-02 03:42:56.000,"",403.00,CO00000009,RET
415,2020-02-04 01:35:10.000,"",414.00,CO00000010,DEP
416,2021-10-24 09:39:12.000,"",349.00,CO00000003,RET
417,2022-07-10 00:27:33.000,"",15.00,CC00000002,DEP
418,2021-02-26 06:41:01.000,"",66.00,CC00000002,VIR
419,2020-04-17 05:38:33.000,"",571.00,CO00000010,DEP
420,2022-07-28 02:26:18.000,"",959.00,CO00000007,RET
421,2021-10-15 03:54:48.000,"",43.00,CO00000006,DEP
422,2020-10-01 11:23:43.000,"",826.00,LI00000004,RET
423,2022-06-28 08:01:29.000,"",529.00,LI00000001,DEP
424,2020-08-28 02:15:34.000,"",803.00,CO00000004,DEP
425,2021-09-12 11:59:18.000,"",428.00,LI00000001,DEP
426,2021-03-27 05:27:37.000,"",862.00,LI00000004,DEP
427,2020-12-20 07:05:41.000,"",916.00,CO00000009,VIR
428,2020-12-31 02:00:26.000,"",452.00,CO00000005,DEP
429,2021-04-30 00:55:25.000,"",467.00,CO00000003,DEP
430,2021-09-27 08:57:55.000,"",135.00,CC00000001,VIR
431,2022-06-18 08:35:20.000,"",375.00,CO00000007,VIR
432,2021-12-26 06:47:18.000,"",310.00,CC00000001,RET
433,2021-12-11 00:28:35.000,"",522.00,LI00000002,RET
434,2022-05-09 00:46:07.000,"",383.00,CO00000006,VIR
435,2021-12-18 11:43:01.000,"",840.00,CC00000001,DEP
436,2020-12-22 09:50:44.000,"",960.00,CO00000004,VIR
437,2022-05-13 05:38:56.000,"",210.00,CO00000012,VIR
438,2022-09-13 03:02:14.000,"",938.00,CO00000004,RET
439,2020-12-03 06:31:06.000,"",756.00,LI00000002,VIR
440,2021-01-18 00:43:16.000,"",566.00,CO00000005,RET
441,2021-10-05 09:40:07.000,"",774.00,LI00000006,VIR
442,2022-05-30 02:02:32.000,"",848.00,LI00000006,DEP
443,2021-01-14 05:27:58.000,"",741.00,CO00000008,VIR
444,2022-09-11 04:40:24.000,"",853.00,CO00000002,DEP
445,2022-08-20 01:12:56.000,"",159.00,CO00000004,DEP
446,2022-02-21 10:11:43.000,"",826.00,CC00000001,RET
447,2021-11-27 06:18:56.000,"",183.00,CO00000004,VIR
448,2022-08-11 09:20:28.000,"",142.00,CC00000001,VIR
449,2020-07-13 02:53:59.000,"",266.00,CO00000003,DEP
450,2020-07-17 01:20:40.000,"",508.00,CO00000007,VIR
451,2020-12-17 08:12:54.000,"",290.00,CO00000008,VIR
452,2020-07-08 02:59:35.000,"",907.00,LI00000005,DEP
453,2020-09-12 10:18:32.000,"",535.00,CO00000011,VIR
454,2020-03-25 05:03:14.000,"",68.00,CO00000010,VIR
455,2022-02-11 11:02:30.000,"",710.00,LI00000004,RET
456,2022-09-08 02:24:15.000,"",948.00,CC00000001,DEP
457,2020-08-16 11:40:39.000,"",940.00,LI00000003,RET
458,2020-07-15 09:04:05.000,"",754.00,LI00000006,RET
459,2020-04-15 09:45:32.000,"",914.00,CO00000005,RET
460,2022-07-17 06:54:36.000,"",138.00,LI00000001,RET
461,2022-02-14 09:50:34.000,"",363.00,LI00000006,RET
462,2022-07-16 11:41:39.000,"",175.00,CO00000012,VIR
463,2020-01-24 07:38:38.000,"",519.00,CO00000002,DEP
464,2021-11-22 04:37:55.000,"",142.00,CO00000006,DEP
465,2020-09-30 07:17:51.000,"",578.00,CO00000011,DEP
466,2021-03-03 05:40:14.000,"",565.00,CC00000002,VIR
467,2021-01-02 05:59:08.000,"",764.00,CO00000007,DEP
468,2022-01-10 07:45:56.000,"",255.00,CO00000001,DEP
469,2020-01-28 09:10:18.000,"",832.00,LI00000005,DEP
470,2021-08-27 11:23:40.000,"",311.00,CO00000004,VIR
471,2022-06-22 04:42:13.000,"",125.00,CO00000005,RET
472,2021-07-03 00:33:34.000,"",307.00,CO00000009,DEP
473,2021-02-24 01:01:34.000,"",511.00,CO00000003,DEP
474,2022-05-04 05:31:23.000,"",143.00,LI00000003,RET
475,2022-01-22 11:45:38.000,"",818.00,LI00000004,RET
476,2022-11-10 10:32:28.000,"",270.00,CO00000010,DEP
477,2021-05-01 05:53:34.000,"",607.00,CC00000001,RET
478,2022-01-10 03:49:35.000,"",274.00,CO00000010,DEP
479,2021-03-08 01:49:44.000,"",370.00,CO00000007,VIR
480,2020-03-22 10:00:04.000,"",42.00,CO00000008,VIR
481,2021-02-02 03:33:51.000,"",519.00,CO00000001,VIR
482,2020-10-09 04:17:34.000,"",966.00,CO00000012,DEP
483,2021-06-21 06:12:32.000,"",755.00,CO00000006,RET
484,2022-07-19 08:42:51.000,"",935.00,LI00000006,DEP
485,2022-03-26 09:08:13.000,"",657.00,LI00000002,RET
486,2021-07-06 04:28:56.000,"",53.00,CO00000008,RET
487,2022-05-29 10:59:27.000,"",603.00,LI00000003,VIR
488,2022-03-06 02:55:29.000,"",346.00,CO00000005,RET
489,2022-05-13 05:48:05.000,"",366.00,CO00000001,RET
490,2022-03-09 11:07:40.000,"",892.00,CO00000002,DEP
491,2021-09-10 06:28:26.000,"",969.00,CO00000010,RET
492,2022-09-19 03:34:09.000,"",125.00,CO00000006,DEP
493,2021-06-24 09:52:57.000,"",672.00,CO00000006,DEP
494,2020-07-14 05:59:29.000,"",268.00,LI00000004,DEP
495,2022-08-28 05:49:57.000,"",166.00,CO00000006,DEP
496,2021-02-17 08:45:37.000,"",130.00,CC00000001,VIR
497,2021-09-28 11:07:55.000,"",336.00,LI00000003,RET
498,2021-03-23 09:57:59.000,"",729.00,CO00000005,VIR
499,2020-10-12 01:01:50.000,"",177.00,CO00000012,VIR
500,2022-06-30 04:30:41.000,"",475.00,LI00000006,DEP
501,2021-10-14 01:16:02.000,"",729.00,LI00000002,RET
502,2020-02-25 06:25:54.000,"",871.00,CO00000010,RET
503,2020-12-17 06:59:15.000,"",115.00,CO00000006,DEP
504,2020-11-14 08:43:00.000,"",972.00,LI00000006,VIR
505,2021-11-04 05:45:56.000,"",26.00,CO00000003,VIR
506,2020-08-11 00:51:16.000,"",59.00,CO00000002,VIR
507,2021-12-26 10:59:46.000,"",269.00,CO00000002,RET
508,2021-08-11 08:22:45.000,"",260.00,LI00000003,RET
509,2020-06-19 09:54:03.000,"",207.00,CO00000001,VIR
510,2020-10-29 03:38:37.000,"",90.00,CO00000007,VIR
511,2022-12-10 03:23:17.000,"",199.00,CO00000008,DEP
512,2020-12-17 09:05:23.000,"",128.00,LI00000003,VIR
513,2022-02-08 08:02:20.000,"",385.00,CO00000012,DEP
514,2021-06-06 02:15:10.000,"",305.00,LI00000006,DEP
515,2020-06-14 03:26:50.000,"",412.00,LI00000003,DEP
516,2021-03-18 07:45:20.000,"",531.00,CO00000010,DEP
517,2021-06-10 03:10:35.000,"",948.00,CO00000001,VIR
518,2022-01-09 09:32:15.000,"",628.00,CO00000002,RET
519,2021-12-12 07:34:45.000,"",91.00,LI00000001,DEP
520,2020-11-02 04:34:40.000,"",792.00,LI00000001,VIR
521,2022-04-15 05:43:54.000,"",7.00,CC00000002,VIR
522,2020-02-01 10:21:12.000,"",59.00,LI00000003,VIR
523,2020-03-18 00:43:34.000,"",402.00,LI00000005,DEP
524,2022-06-22 10:16:56.000,"",499.00,CO00000001,RET
525,2021-05-19 08:35:08.000,"",677.00,LI00000003,VIR
526,2022-06-12 02:24:46.000,"",104.00,CO00000009,RET
527,2022-05-12 02:01:54.000,"",860.00,CC00000002,VIR
528,2021-10-08 08:35:38.000,"",598.00,LI00000006,RET
529,2020-10-29 04:22:27.000,"",663.00,LI00000003,DEP
530,2020-10-09 10:23:18.000,"",646.00,CO00000010,RET
531,2022-05-22 02:45:28.000,"",266.00,CO00000003,VIR
532,2020-01-15 08:58:13.000,"",167.00,CO00000004,VIR
533,2020-04-03 02:01:40.000,"",666.00,LI00000005,RET
534,2021-01-17 00:15:57.000,"",755.00,CC00000002,RET
535,2022-03-21 07:27:08.000,"",704.00,CO00000010,VIR
536,2020-09-10 01:34:37.000,"",390.00,LI00000001,VIR
537,2022-10-12 01:33:50.000,"",102.00,CO00000003,VIR
538,2022-02-15 01:56:51.000,"",948.00,CO00000011,RET
539,2022-12-14 07:21:41.000,"",115.00,CO00000001,DEP
540,2022-11-06 05:30:57.000,"",216.00,CO00000011,DEP
541,2020-10-03 05:07:35.000,"",647.00,CO00000001,DEP
542,2021-10-15 06:06:18.000,"",380.00,CO00000010,VIR
543,2020-03-29 06:05:57.000,"",925.00,LI00000001,DEP
544,2022-06-19 06:18:18.000,"",219.00,CC00000001,RET
545,2021-11-21 02:16:36.000,"",83.00,LI00000001,RET
546,2022-03-16 11:17:06.000,"",480.00,CO00000008,RET
547,2020-02-21 04:33:42.000,"",247.00,CO00000010,DEP
548,2022-05-23 00:36:26.000,"",137.00,CO00000003,VIR
549,2022-08-09 07:32:12.000,"",977.00,CO00000012,RET
550,2021-04-30 06:15:41.000,"",534.00,CO00000003,RET
551,2020-08-20 11:05:36.000,"",153.00,CO00000009,RET
552,2020-05-27 05:12:26.000,"",611.00,CO00000008,DEP
553,2021-11-05 01:10:42.000,"",666.00,LI00000005,RET
554,2021-06-29 09:38:15.000,"",702.00,CO00000005,VIR
555,2022-07-23 08:54:09.000,"",499.00,CC00000002,DEP
556,2020-12-10 00:14:32.000,"",615.00,CO00000007,VIR
557,2020-06-29 06:15:48.000,"",58.00,CO00000001,RET
558,2021-02-12 01:42:09.000,"",979.00,LI00000002,DEP
559,2020-11-29 07:43:45.000,"",832.00,LI00000004,RET
560,2021-11-17 02:40:43.000,"",70.00,CC00000001,RET
561,2022-10-21 06:56:16.000,"",756.00,CO00000010,VIR
562,2020-06-22 10:31:55.000,"",598.00,LI00000005,VIR
563,2022-08-14 00:45:30.000,"",850.00,CO00000009,VIR
564,2022-01-07 08:02:24.000,"",163.00,LI00000001,DEP
565,2020-07-17 04:58:09.000,"",994.00,CO00000003,RET
566,2022-07-06 01:20:37.000,"",376.00,CO00000003,DEP
567,2021-02-11 06:47:24.000,"",939.00,CO00000011,RET
568,2021-05-27 02:23:19.000,"",841.00,CO00000006,DEP
569,2020-06-19 08:32:24.000,"",889.00,LI00000002,VIR
570,2021-02-04 00:06:01.000,"",495.00,CO00000005,VIR
571,2020-11-22 03:38:57.000,"",270.00,LI00000003,DEP
572,2021-08-12 11:33:03.000,"",9.00,CO00000008,DEP
573,2022-01-08 09:17:18.000,"",513.00,CO00000012,RET
574,2022-08-27 03:21:44.000,"",234.00,CO00000007,VIR
575,2021-12-19 03:51:30.000,"",966.00,LI00000006,VIR
576,2021-11-01 03:35:50.000,"",914.00,CC00000001,VIR
577,2020-08-30 08:35:53.000,"",276.00,LI00000004,DEP
578,2022-12-04 09:23:32.000,"",133.00,CO00000007,RET
579,2021-09-13 02:32:57.000,"",831.00,CC00000002,VIR
580,2020-11-10 01:34:18.000,"",223.00,CC00000002,VIR
581,2020-06-26 10:08:26.000,"",129.00,CC00000001,RET
582,2022-10-30 00:30:29.000,"",105.00,LI00000005,DEP
583,2020-11-10 08:37:50.000,"",149.00,CO00000012,RET
584,2020-10-01 10:28:00.000,"",288.00,CO00000008,VIR
585,2022-03-15 06:39:56.000,"",87.00,CO00000004,RET
586,2020-03-05 08:41:13.000,"",987.00,CO00000012,RET
587,2020-07-16 08:12:10.000,"",50.00,LI00000004,RET
588,2021-09-05 01:27:22.000,"",107.00,LI00000004,VIR
589,2020-07-05 11:02:32.000,"",557.00,CO00000010,VIR
590,2022-11-12 10:25:05.000,"",31.00,CO00000009,RET
591,2020-04-15 10:13:36.000,"",940.00,LI00000003,RET
592,2021-04-23 05:22:16.000,"",475.00,CO00000007,VIR
593,2021-02-03 07:33:01.000,"",997.00,LI00000004,DEP
594,2020-01-13 09:48:21.000,"",840.00,CO00000009,DEP
595,2021-11-07 07:26:06.000,"",497.00,CO00000008,DEP
596,2020-03-27 00:25:45.000,"",825.00,CO00000003,VIR
597,2022-08-12 03:25:09.000,"",378.00,CO00000008,RET
598,2022-02-20 05:55:32.000,"",240.00,LI00000001,RET
599,2022-05-09 10:30:16.000,"",739.00,CO00000010,RET
600,2020-02-09 04:12:44.000,"",262.00,LI00000001,RET
601,2021-06-13 04:37:23.000,"",973.00,CO00000005,RET
602,2020-06-02 11:25:30.000,"",601.00,LI00000001,VIR
603,2021-12-21 11:27:55.000,"",647.00,CO00000001,RET
604,2021-10-27 06:53:52.000,"",289.00,LI00000005,RET
605,2022-09-02 10:55:08.000,"",956.00,CO00000004,VIR
606,2021-04-29 11:22:40.000,"",91.00,CO00000001,DEP
607,2020-12-27 06:22:21.000,"",871.00,CO00000012,VIR
608,2022-06-12 01:43:57.000,"",721.00,CO00000010,VIR
609,2020-07-25 07:08:09.000,"",317.00,CO00000005,DEP
610,2020-12-22 03:23:17.000,"",378.00,CO00000004,RET
611,2022-07-02 05:13:07.000,"",982.00,LI00000004,DEP
612,2020-12-22 06:45:54.000,"",293.00,CC00000002,VIR
613,2020-12-24 06:43:20.000,"",600.00,CO00000009,VIR
614,2021-12-26 07:56:36.000,"",272.00,CO00000001,VIR
615,2021-07-22 04:06:05.000,"",812.00,LI00000004,DEP
616,2022-11-06 11:49:24.000,"",462.00,LI00000006,DEP
617,2021-04-06 03:31:49.000,"",950.00,LI00000001,VIR
618,2020-01-15 01:01:06.000,"",803.00,CO00000002,RET
619,2020-08-24 08:38:21.000,"",342.00,LI00000003,VIR
620,2020-10-21 01:44:31.000,"",894.00,CO00000005,RET
621,2020-04-02 03:51:36.000,"",981.00,CO00000002,DEP
622,2020-11-17 10:55:41.000,"",247.00,CO00000006,VIR
623,2022-09-27 11:38:12.000,"",668.00,CO00000011,RET
624,2021-10-06 05:50:31.000,"",147.00,LI00000006,RET
625,2021-05-10 05:45:02.000,"",958.00,CC00000001,VIR
626,2021-03-09 06:25:51.000,"",594.00,CO00000004,DEP
627,2021-02-03 10:00:08.000,"",529.00,CO00000004,RET
628,2020-07-09 09:39:33.000,"",47.00,CO00000006,DEP
629,2021-04-29 10:31:09.000,"",797.00,CO00000004,RET
630,2022-10-29 07:05:04.000,"",950.00,CC00000002,DEP
631,2022-10-24 00:54:45.000,"",901.00,LI00000003,VIR
632,2022-05-13 05:55:19.000,"",248.00,LI00000002,VIR
633,2021-08-20 03:33:23.000,"",380.00,CO00000004,RET
634,2022-10-19 03:50:46.000,"",387.00,CO00000005,DEP
635,2021-11-29 03:13:40.000,"",160.00,LI00000003,VIR
636,2021-06-11 06:46:51.000,"",492.00,CO00000007,DEP
637,2022-08-27 05:21:40.000,"",688.00,CO00000004,VIR
638,2021-10-13 02:55:42.000,"",732.00,CO00000007,DEP
639,2020-10-15 04:09:40.000,"",309.00,CO00000011,RET
640,2022-02-10 08:17:07.000,"",55.00,CC00000001,DEP
641,2022-09-11 01:50:10.000,"",248.00,LI00000002,VIR
642,2020-03-14 00:54:03.000,"",799.00,CO00000004,RET
643,2022-01-05 08:11:27.000,"",771.00,CO00000008,VIR
644,2021-11-29 00:06:55.000,"",884.00,CO00000011,DEP
645,2020-06-22 05:49:45.000,"",399.00,LI00000005,VIR
646,2021-01-24 07:02:49.000,"",559.00,LI00000002,VIR
647,2021-03-12 03:13:44.000,"",251.00,CO00000002,DEP
648,2022-10-28 11:33:24.000,"",932.00,CO00000009,RET
649,2022-07-17 09:55:13.000,"",875.00,LI00000006,DEP
650,2020-05-04 09:57:46.000,"",754.00,LI00000006,RET
651,2020-05-17 05:02:08.000,"",164.00,LI00000004,DEP
652,2021-11-01 10:43:53.000,"",176.00,CO00000007,VIR
653,2021-07-20 10:27:59.000,"",199.00,CC00000002,DEP
654,2021-10-23 01:24:53.000,"",455.00,CO00000008,DEP
655,2021-11-21 01:53:13.000,"",126.00,CO00000009,VIR
656,2020-11-11 02:04:27.000,"",832.00,CC00000002,VIR
657,2020-11-15 05:53:24.000,"",400.00,CO00000011,VIR
658,2021-10-01 05:26:28.000,"",53.00,CC00000001,DEP
659,2021-12-17 01:29:17.000,"",15.00,CO00000008,DEP
660,2022-01-11 04:03:53.000,"",257.00,CO00000009,RET
661,2021-03-20 00:13:22.000,"",543.00,CO00000009,DEP
662,2021-01-12 08:42:17.000,"",202.00,LI00000001,VIR
663,2020-05-04 01:08:34.000,"",99.00,LI00000002,RET
664,2021-07-16 03:12:09.000,"",50.00,CO00000010,DEP
665,2021-01-26 01:53:37.000,"",573.00,LI00000006,VIR
666,2021-11-06 02:05:59.000,"",195.00,CO00000010,DEP
667,2020-09-24 09:10:04.000,"",725.00,LI00000006,VIR
668,2021-05-17 10:14:15.000,"",834.00,CO00000007,RET
669,2020-07-13 11:46:20.000,"",986.00,CO00000009,RET
670,2022-04-06 04:36:02.000,"",284.00,LI00000001,RET
671,2020-09-03 10:33:25.000,"",81.00,LI00000001,RET
672,2021-12-04 04:38:45.000,"",237.00,CO00000005,VIR
673,2021-03-10 04:27:26.000,"",798.00,CO00000009,VIR
674,2022-01-06 09:22:11.000,"",447.00,CO00000007,DEP
675,2021-10-23 05:54:00.000,"",520.00,CO00000006,RET
676,2020-08-03 06:21:48.000,"",563.00,CC00000001,RET
677,2020-07-30 06:49:16.000,"",352.00,CO00000004,VIR
678,2020-04-13 05:06:31.000,"",84.00,CO00000010,DEP
679,2020-09-17 00:32:55.000,"",954.00,LI00000003,RET
680,2020-11-16 03:45:35.000,"",652.00,CO00000002,DEP
681,2020-05-24 03:47:51.000,"",421.00,CO00000006,RET
682,2021-08-12 07:39:45.000,"",168.00,LI00000002,RET
683,2020-01-27 00:01:48.000,"",808.00,CO00000011,RET
684,2020-11-08 00:52:03.000,"",436.00,CO00000001,RET
685,2020-06-03 05:25:28.000,"",146.00,CO00000009,VIR
686,2022-02-18 06:52:23.000,"",329.00,LI00000005,DEP
687,2020-06-30 06:42:53.000,"",50.00,CO00000001,VIR
688,2020-12-27 02:51:47.000,"",679.00,LI00000004,DEP
689,2020-04-14 04:08:04.000,"",273.00,CO00000012,RET
690,2021-07-25 10:40:54.000,"",380.00,CC00000002,RET
691,2020-10-25 08:43:58.000,"",779.00,LI00000004,DEP
692,2020-03-16 05:47:36.000,"",415.00,CO00000005,RET
693,2021-09-24 03:17:45.000,"",220.00,CO00000008,DEP
694,2021-06-28 07:29:04.000,"",788.00,CO00000003,RET
695,2022-08-26 00:08:19.000,"",881.00,LI00000001,DEP
696,2022-06-06 10:33:13.000,"",577.00,CO00000012,RET
697,2020-12-25 08:00:14.000,"",455.00,CO00000009,VIR
698,2022-10-18 05:44:05.000,"",585.00,CC00000002,VIR
699,2022-10-17 04:19:42.000,"",256.00,LI00000006,RET
700,2022-07-08 11:07:01.000,"",313.00,CO00000006,RET
701,2022-04-27 09:07:15.000,"",689.00,CO00000010,VIR
702,2021-09-03 08:42:16.000,"",108.00,CC00000002,RET
703,2020-06-01 08:00:54.000,"",497.00,CO00000005,RET
704,2020-12-31 10:34:09.000,"",386.00,LI00000001,VIR
705,2022-06-19 10:02:50.000,"",844.00,CO00000011,RET
706,2022-08-14 11:35:34.000,"",801.00,CO00000010,VIR
707,2020-07-31 02:03:43.000,"",931.00,CO00000004,DEP
708,2022-04-02 09:52:11.000,"",93.00,CO00000002,VIR
709,2020-09-30 08:14:01.000,"",561.00,CO00000009,RET
710,2020-07-22 10:24:29.000,"",780.00,LI00000001,VIR
711,2021-03-21 10:20:09.000,"",736.00,CO00000002,DEP
712,2020-09-15 07:56:07.000,"",84.00,CO00000003,VIR
713,2022-09-19 09:04:26.000,"",90.00,LI00000005,VIR
714,2022-12-05 08:04:14.000,"",65.00,CO00000008,RET
715,2021-10-17 07:06:35.000,"",817.00,CC00000001,VIR
716,2022-11-23 07:06:33.000,"",387.00,CO00000006,DEP
717,2021-07-29 06:40:18.000,"",803.00,CO00000004,DEP
718,2020-06-18 09:48:57.000,"",246.00,CO00000006,RET
719,2020-09-08 10:27:34.000,"",712.00,CO00000004,DEP
720,2022-06-25 09:48:43.000,"",705.00,CO00000009,DEP
721,2020-07-16 08:23:17.000,"",393.00,LI00000006,DEP
722,2021-07-22 09:48:12.000,"",11.00,LI00000002,RET
723,2020-02-26 10:19:01.000,"",748.00,LI00000004,RET
724,2022-06-06 11:56:00.000,"",594.00,CO00000009,DEP
725,2020-09-20 11:39:10.000,"",671.00,LI00000001,VIR
726,2020-07-23 08:17:04.000,"",394.00,CO00000002,VIR
727,2020-10-28 00:03:58.000,"",367.00,LI00000003,RET
728,2021-10-24 06:06:48.000,"",340.00,LI00000003,RET
729,2021-12-27 02:33:55.000,"",672.00,LI00000003,DEP
730,2022-10-11 04:05:01.000,"",710.00,CO00000007,RET
731,2020-10-17 08:11:21.000,"",202.00,CC00000001,VIR
732,2022-12-11 05:43:41.000,"",352.00,CO00000008,DEP
733,2020-08-24 05:33:41.000,"",443.00,LI00000001,VIR
734,2022-05-04 00:24:25.000,"",972.00,CO00000006,RET
735,2020-02-14 03:33:19.000,"",118.00,CO00000002,RET
736,2021-01-25 02:59:52.000,"",983.00,CO00000008,RET
737,2021-05-07 09:19:40.000,"",438.00,LI00000003,DEP
738,2020-04-01 05:34:34.000,"",620.00,CO00000006,DEP
739,2022-10-25 09:57:37.000,"",76.00,CO00000009,DEP
740,2021-07-13 08:20:16.000,"",300.00,LI00000004,VIR
741,2020-09-16 07:58:07.000,"",970.00,CO00000010,VIR
742,2020-04-25 05:00:09.000,"",452.00,LI00000003,VIR
743,2020-03-08 05:55:12.000,"",299.00,CO00000001,VIR
744,2020-10-21 05:57:49.000,"",287.00,LI00000005,DEP
745,2020-03-10 02:25:15.000,"",228.00,CO00000002,VIR
746,2022-04-11 01:25:06.000,"",231.00,LI00000006,RET
747,2021-10-28 09:42:35.000,"",272.00,CC00000002,VIR
748,2020-11-26 08:44:37.000,"",994.00,CO00000004,VIR
749,2022-06-27 07:07:14.000,"",373.00,LI00000003,DEP
750,2022-05-18 00:21:13.000,"",498.00,LI00000003,VIR
751,2020-08-29 11:39:21.000,"",45.00,CO00000001,DEP
752,2022-06-11 09:18:09.000,"",133.00,CO00000007,VIR
753,2021-09-07 06:55:13.000,"",181.00,CO00000006,DEP
754,2020-01-02 04:52:00.000,"",70.00,CO00000008,VIR
755,2020-07-02 00:40:34.000,"",360.00,LI00000006,DEP
756,2021-07-11 00:22:29.000,"",601.00,LI00000001,DEP
757,2021-04-20 09:15:07.000,"",772.00,CO00000006,DEP
758,2022-11-29 02:31:10.000,"",725.00,LI00000002,DEP
759,2021-03-21 03:04:22.000,"",88.00,CO00000002,DEP
760,2020-10-06 09:24:34.000,"",459.00,CO00000007,VIR
761,2022-06-14 11:32:49.000,"",890.00,CO00000002,VIR
762,2020-01-16 01:36:36.000,"",589.00,CO00000002,DEP
763,2022-02-18 07:34:16.000,"",490.00,LI00000001,RET
764,2020-06-09 09:25:19.000,"",844.00,CO00000003,RET
765,2022-02-11 02:53:51.000,"",260.00,LI00000003,RET
766,2020-12-28 04:38:54.000,"",705.00,LI00000003,DEP
767,2021-05-26 09:36:40.000,"",790.00,CC00000001,DEP
768,2020-11-09 10:05:54.000,"",326.00,CO00000010,VIR
769,2022-12-07 05:58:34.000,"",506.00,CO00000002,VIR
770,2021-08-19 01:05:05.000,"",297.00,LI00000004,DEP
771,2021-11-25 01:53:23.000,"",562.00,LI00000005,DEP
772,2022-08-09 05:08:58.000,"",203.00,LI00000005,VIR
773,2020-08-26 01:12:07.000,"",135.00,CO00000012,DEP
774,2021-08-08 03:17:23.000,"",227.00,CO00000011,RET
775,2021-03-01 02:09:02.000,"",439.00,CO00000010,RET
776,2020-04-01 08:54:47.000,"",242.00,CO00000008,RET
777,2020-09-27 10:09:16.000,"",91.00,CO00000009,DEP
778,2021-03-12 07:46:58.000,"",142.00,LI00000003,VIR
779,2022-08-23 02:13:29.000,"",636.00,CO00000004,RET
780,2020-07-06 10:12:25.000,"",358.00,CO00000006,RET
781,2020-11-02 08:14:20.000,"",372.00,CO00000006,RET
782,2022-10-13 04:42:31.000,"",808.00,LI00000001,VIR
783,2022-03-10 02:19:26.000,"",786.00,CO00000001,DEP
784,2021-06-01 05:26:11.000,"",733.00,CO00000003,VIR
785,2022-06-20 10:36:23.000,"",218.00,LI00000002,RET
786,2020-07-15 09:34:03.000,"",147.00,LI00000005,RET
787,2021-09-13 04:34:40.000,"",600.00,CO00000005,VIR
788,2021-10-15 11:56:34.000,"",884.00,CO00000011,VIR
789,2020-04-25 11:19:01.000,"",358.00,CO00000007,RET
790,2021-04-10 06:11:40.000,"",450.00,LI00000003,VIR
791,2021-01-10 10:49:46.000,"",835.00,CC00000001,DEP
792,2021-04-27 01:36:37.000,"",162.00,CO00000003,VIR
793,2020-10-17 08:45:14.000,"",829.00,LI00000006,RET
794,2021-01-19 03:59:08.000,"",294.00,LI00000003,VIR
795,2022-03-12 00:40:23.000,"",86.00,CO00000008,VIR
796,2021-05-25 10:43:00.000,"",201.00,LI00000004,VIR
797,2020-06-21 03:17:41.000,"",861.00,LI00000001,RET
798,2021-11-03 00:22:39.000,"",646.00,CO00000003,VIR
799,2020-10-09 00:44:43.000,"",885.00,CO00000008,DEP
800,2022-06-03 05:02:24.000,"",803.00,CO00000001,VIR
801,2022-08-01 08:13:22.000,"",329.00,CC00000001,RET
802,2021-08-02 11:34:40.000,"",656.00,LI00000004,RET
803,2021-05-26 11:16:03.000,"",630.00,CO00000005,DEP
804,2021-11-19 04:12:39.000,"",768.00,CC00000002,RET
805,2022-05-10 06:53:42.000,"",265.00,CC00000001,VIR
806,2020-10-03 09:32:22.000,"",645.00,CO00000010,RET
807,2022-09-21 09:50:15.000,"",817.00,CO00000003,DEP
808,2020-10-02 00:18:51.000,"",163.00,LI00000006,DEP
809,2021-07-06 02:09:29.000,"",946.00,CO00000007,VIR
810,2020-01-07 00:11:37.000,"",783.00,CO00000010,DEP
811,2020-07-14 04:28:03.000,"",95.00,LI00000006,RET
812,2021-10-20 08:44:40.000,"",530.00,LI00000001,VIR
813,2020-06-01 11:00:52.000,"",42.00,LI00000006,VIR
814,2022-07-09 10:55:33.000,"",956.00,CO00000008,DEP
815,2021-10-09 08:52:41.000,"",638.00,CO00000009,DEP
816,2021-05-15 09:18:39.000,"",547.00,LI00000006,VIR
817,2021-09-30 09:32:14.000,"",331.00,LI00000001,RET
818,2021-06-24 03:18:11.000,"",331.00,CO00000012,RET
819,2020-07-05 05:02:15.000,"",329.00,CC00000002,RET
820,2022-09-11 08:35:08.000,"",614.00,LI00000003,RET
821,2020-08-05 09:02:14.000,"",484.00,CO00000006,VIR
822,2021-11-03 04:03:28.000,"",106.00,LI00000003,RET
823,2020-04-14 08:57:12.000,"",266.00,CO00000009,VIR
824,2021-12-23 03:30:49.000,"",890.00,LI00000005,RET
825,2020-12-07 10:28:47.000,"",410.00,CO00000008,VIR
826,2020-09-15 04:18:32.000,"",954.00,CO00000011,DEP
827,2021-05-22 11:42:49.000,"",81.00,LI00000002,VIR
828,2021-12-04 11:15:42.000,"",273.00,LI00000002,DEP
829,2020-10-01 11:08:54.000,"",676.00,LI00000004,VIR
830,2021-10-29 03:02:49.000,"",655.00,CO00000002,VIR
831,2021-12-23 11:46:38.000,"",576.00,CO00000002,DEP
832,2020-12-23 09:19:26.000,"",817.00,CO00000006,RET
833,2020-07-28 01:33:46.000,"",485.00,LI00000005,DEP
834,2020-08-20 02:51:29.000,"",429.00,CO00000002,VIR
835,2022-07-26 10:30:59.000,"",172.00,LI00000004,VIR
836,2021-02-22 03:52:30.000,"",89.00,CO00000007,DEP
837,2021-05-21 02:38:39.000,"",727.00,CO00000005,VIR
838,2020-06-12 10:54:22.000,"",448.00,CO00000002,VIR
839,2020-09-04 03:00:19.000,"",684.00,CO00000010,VIR
840,2020-05-09 09:22:22.000,"",972.00,CO00000009,RET
841,2022-04-17 11:07:55.000,"",592.00,LI00000002,DEP
842,2022-02-19 04:09:28.000,"",47.00,CO00000012,RET
843,2020-09-26 11:03:51.000,"",901.00,LI00000006,VIR
844,2020-08-02 11:24:48.000,"",410.00,CC00000002,VIR
845,2022-04-24 07:14:53.000,"",248.00,CC00000001,RET
846,2021-04-20 03:51:45.000,"",127.00,CO00000011,RET
847,2022-04-12 10:32:48.000,"",492.00,LI00000003,VIR
848,2020-05-20 10:50:00.000,"",587.00,CO00000006,DEP
849,2021-12-13 01:36:52.000,"",97.00,LI00000004,DEP
850,2020-05-17 08:16:58.000,"",242.00,LI00000005,RET
851,2020-06-08 04:53:02.000,"",718.00,CC00000002,VIR
852,2020-03-08 09:03:48.000,"",56.00,LI00000006,VIR
853,2020-01-22 01:25:05.000,"",77.00,CO00000002,VIR
854,2021-07-16 03:40:10.000,"",889.00,CO00000001,RET
855,2020-03-16 08:52:28.000,"",475.00,CO00000001,RET
856,2021-01-14 08:43:55.000,"",302.00,LI00000003,VIR
857,2022-03-23 02:49:48.000,"",553.00,CC00000001,VIR
858,2022-09-29 07:29:33.000,"",477.00,LI00000001,DEP
859,2021-08-28 04:43:30.000,"",135.00,LI00000003,DEP
860,2021-03-28 06:31:16.000,"",256.00,CO00000007,RET
861,2020-11-06 10:39:55.000,"",256.00,CO00000010,RET
862,2021-03-17 08:55:10.000,"",497.00,CO00000009,VIR
863,2021-10-27 10:20:29.000,"",722.00,CO00000007,DEP
864,2022-03-27 08:18:21.000,"",801.00,CO00000004,RET
865,2020-01-08 02:32:32.000,"",377.00,CO00000001,DEP
866,2020-01-21 06:52:14.000,"",890.00,CO00000008,RET
867,2020-02-06 02:18:31.000,"",851.00,LI00000001,DEP
868,2021-09-15 10:51:41.000,"",262.00,LI00000003,RET
869,2021-06-21 03:21:25.000,"",534.00,CO00000012,DEP
870,2022-05-19 00:29:25.000,"",227.00,CO00000006,RET
871,2021-04-26 01:06:26.000,"",316.00,CC00000001,RET
872,2022-09-30 09:35:17.000,"",322.00,LI00000004,VIR
873,2020-07-15 09:59:34.000,"",112.00,LI00000005,RET
874,2022-08-20 04:27:05.000,"",367.00,CO00000005,DEP
875,2020-03-25 09:04:57.000,"",740.00,CO00000010,RET
876,2021-12-10 00:33:12.000,"",483.00,CO00000004,DEP
877,2020-08-25 11:11:24.000,"",916.00,CO00000005,DEP
878,2021-02-06 00:22:04.000,"",427.00,LI00000006,VIR
879,2020-03-25 09:33:12.000,"",842.00,CO00000006,VIR
880,2022-11-28 11:31:41.000,"",34.00,LI00000004,DEP
881,2022-10-25 02:45:27.000,"",255.00,LI00000006,DEP
882,2021-06-18 02:56:52.000,"",569.00,LI00000004,DEP
883,2020-07-28 00:16:36.000,"",942.00,CO00000004,DEP
884,2022-11-02 07:24:15.000,"",651.00,CO00000003,DEP
885,2020-03-26 10:50:06.000,"",994.00,CO00000009,DEP
886,2022-07-07 10:41:23.000,"",278.00,CO00000011,DEP
887,2022-06-06 02:43:23.000,"",180.00,LI00000003,DEP
888,2022-01-05 11:15:45.000,"",557.00,CC00000002,DEP
889,2020-07-29 11:33:03.000,"",467.00,CO00000003,VIR
890,2021-09-07 00:46:14.000,"",688.00,CO00000001,DEP
891,2020-05-16 03:51:57.000,"",283.00,CO00000010,RET
892,2020-08-02 02:04:22.000,"",843.00,CC00000002,DEP
893,2021-12-24 09:52:57.000,"",873.00,CO00000008,DEP
894,2022-03-15 10:59:28.000,"",406.00,CO00000007,RET
895,2020-03-23 10:34:23.000,"",355.00,CO00000009,DEP
896,2021-09-14 09:03:26.000,"",293.00,CO00000006,RET
897,2022-08-25 07:22:38.000,"",304.00,CO00000002,DEP
898,2022-05-04 02:29:27.000,"",339.00,LI00000005,RET
899,2020-11-14 01:46:07.000,"",988.00,CO00000001,DEP
900,2022-10-06 00:40:18.000,"",958.00,CO00000007,VIR
901,2020-02-09 04:56:28.000,"",575.00,CO00000004,DEP
902,2021-04-03 07:20:50.000,"",558.00,CO00000010,VIR
903,2022-06-08 05:51:03.000,"",936.00,LI00000002,VIR
904,2021-07-20 08:49:53.000,"",434.00,CO00000009,VIR
905,2022-09-29 05:52:48.000,"",871.00,CO00000003,RET
906,2022-10-15 10:26:02.000,"",105.00,LI00000002,VIR
907,2020-12-25 01:23:27.000,"",325.00,CO00000012,DEP
908,2021-12-19 11:11:38.000,"",713.00,LI00000006,RET
909,2020-11-22 03:31:11.000,"",236.00,CC00000001,DEP
910,2020-04-10 10:52:57.000,"",647.00,CO00000004,VIR
911,2022-02-26 05:52:24.000,"",390.00,LI00000003,RET
912,2020-12-11 09:06:42.000,"",739.00,LI00000004,RET
913,2021-04-26 05:37:28.000,"",609.00,LI00000003,RET
914,2022-01-17 07:14:31.000,"",761.00,CO00000007,VIR
915,2021-11-15 03:26:48.000,"",900.00,CO00000007,RET
916,2020-12-28 09:53:25.000,"",796.00,CO00000005,DEP
917,2021-05-01 03:37:23.000,"",917.00,CO00000008,DEP
918,2020-09-04 02:53:21.000,"",215.00,CO00000011,RET
919,2022-03-23 07:09:18.000,"",667.00,CO00000005,DEP
920,2020-03-25 00:50:52.000,"",862.00,LI00000004,RET
921,2022-10-19 04:05:52.000,"",454.00,LI00000004,DEP
922,2020-09-10 11:34:56.000,"",562.00,CO00000010,DEP
923,2020-11-29 07:23:41.000,"",275.00,CO00000002,DEP
924,2020-02-21 08:39:33.000,"",267.00,CO00000009,VIR
925,2020-12-06 08:26:29.000,"",132.00,CO00000010,RET
926,2021-02-20 10:17:55.000,"",477.00,CC00000002,RET
927,2022-06-15 05:38:39.000,"",3.00,CO00000006,VIR
928,2020-09-18 09:53:46.000,"",745.00,CO00000006,VIR
929,2020-07-13 07:12:44.000,"",427.00,LI00000002,VIR
930,2021-11-15 05:24:06.000,"",398.00,CO00000006,RET
931,2021-05-24 10:26:29.000,"",933.00,CC00000001,VIR
932,2020-08-08 07:49:04.000,"",794.00,LI00000005,RET
933,2022-01-08 00:44:10.000,"",783.00,LI00000003,RET
934,2020-10-17 10:03:26.000,"",732.00,LI00000004,DEP
935,2021-02-07 08:36:56.000,"",755.00,CO00000003,RET
936,2020-08-04 01:24:46.000,"",854.00,LI00000006,VIR
937,2020-02-20 04:57:45.000,"",939.00,CO00000008,VIR
938,2021-02-03 05:53:51.000,"",133.00,LI00000002,RET
939,2021-07-30 09:45:34.000,"",761.00,CO00000004,RET
940,2020-03-19 09:41:19.000,"",806.00,CO00000006,DEP
941,2022-09-07 02:33:49.000,"",715.00,CO00000001,VIR
942,2020-06-23 07:56:28.000,"",341.00,CO00000009,VIR
943,2022-04-03 08:57:53.000,"",529.00,CO00000009,DEP
944,2020-10-04 04:12:49.000,"",282.00,LI00000006,DEP
945,2022-11-04 10:17:29.000,"",724.00,CO00000011,RET
946,2022-06-05 04:45:19.000,"",89.00,LI00000006,RET
947,2020-04-30 03:47:45.000,"",804.00,CO00000007,RET
948,2021-02-05 10:34:53.000,"",537.00,CO00000006,VIR
949,2020-06-04 03:52:21.000,"",580.00,CO00000001,DEP
950,2021-02-25 06:31:13.000,"",63.00,LI00000003,DEP
951,2021-04-22 10:05:06.000,"",668.00,CO00000001,VIR
952,2021-05-09 08:24:14.000,"",784.00,LI00000001,RET
953,2021-12-07 05:27:35.000,"",25.00,LI00000004,VIR
954,2020-07-11 07:35:13.000,"",279.00,CO00000012,DEP
955,2021-10-21 01:44:31.000,"",830.00,CO00000008,RET
956,2020-08-12 01:22:05.000,"",696.00,CO00000003,VIR
957,2021-10-26 09:13:44.000,"",747.00,LI00000001,RET
958,2022-09-18 06:21:19.000,"",366.00,CO00000006,VIR
959,2021-09-12 01:05:59.000,"",358.00,CO00000005,DEP
960,2020-01-24 00:04:36.000,"",589.00,CO00000003,DEP
961,2021-04-25 10:36:31.000,"",362.00,LI00000006,VIR
962,2021-06-07 01:04:22.000,"",830.00,LI00000004,DEP
963,2021-06-22 03:23:44.000,"",887.00,CO00000007,RET
964,2020-10-30 07:43:45.000,"",793.00,LI00000003,DEP
965,2020-02-18 00:09:22.000,"",508.00,CO00000010,DEP
966,2022-06-25 11:06:09.000,"",97.00,CO00000003,VIR
967,2021-09-15 08:55:30.000,"",820.00,CO00000009,DEP
968,2020-07-23 06:58:29.000,"",518.00,CO00000006,VIR
969,2021-08-10 09:13:33.000,"",663.00,LI00000003,DEP
970,2020-08-01 08:24:17.000,"",40.00,LI00000002,RET
971,2020-06-20 05:19:46.000,"",352.00,CO00000011,DEP
972,2022-10-27 09:52:57.000,"",504.00,CO00000002,DEP
973,2020-09-12 03:15:45.000,"",199.00,LI00000003,DEP
974,2020-02-16 02:08:25.000,"",313.00,CO00000007,RET
975,2022-08-23 04:57:30.000,"",558.00,CO00000005,DEP
976,2020-08-25 01:04:15.000,"",359.00,LI00000004,DEP
977,2022-06-12 09:15:44.000,"",185.00,CO00000008,VIR
978,2021-04-08 09:34:04.000,"",328.00,CO00000004,VIR
979,2022-03-24 00:25:35.000,"",678.00,CC00000001,RET
980,2020-07-28 03:01:43.000,"",202.00,CO00000003,VIR
981,2022-06-09 07:31:16.000,"",785.00,CO00000011,DEP
982,2020-02-13 00:32:39.000,"",796.00,CO00000001,VIR
983,2020-03-05 02:24:06.000,"",252.00,LI00000005,RET
984,2020-01-24 03:57:16.000,"",730.00,LI00000002,DEP
985,2021-02-03 05:09:52.000,"",249.00,LI00000005,DEP
986,2022-08-07 06:00:49.000,"",176.00,LI00000005,RET
987,2022-02-07 00:20:10.000,"",848.00,CO00000008,RET
988,2021-04-05 03:55:22.000,"",997.00,CO00000002,DEP
989,2020-09-09 03:03:27.000,"",273.00,CO00000010,RET
990,2020-07-16 11:28:20.000,"",100.00,CO00000001,DEP
991,2021-04-26 06:30:05.000,"",890.00,LI00000003,RET
992,2021-03-21 01:02:59.000,"",125.00,CC00000002,VIR
993,2022-02-12 06:46:50.000,"",176.00,CO00000008,VIR
994,2022-12-14 09:45:39.000,"",798.00,CO00000003,DEP
995,2022-02-03 06:35:39.000,"",114.00,CO00000011,VIR
996,2022-08-07 07:54:39.000,"",566.00,CO00000003,RET
997,2021-08-02 02:51:38.000,"",764.00,LI00000002,DEP
998,2022-10-20 06:06:17.000,"",338.00,CO00000006,DEP
999,2022-03-07 07:35:22.000,"",963.00,CO00000012,DEP
1000,2021-11-24 03:12:18.000,"",448.00,LI00000002,DEP
1001,2020-12-06 11:14:44.000,"",385.00,CO00000007,VIR
1002,2021-11-18 06:24:23.000,"",183.00,LI00000002,DEP
1003,2021-07-04 06:50:37.000,"",433.00,CO00000002,VIR
1004,2021-01-19 01:40:16.000,"",470.00,CO00000012,RET
1005,2020-02-11 00:02:17.000,"",682.00,CO00000011,VIR
1006,2020-09-03 02:46:59.000,"",570.00,CO00000008,DEP
1007,2022-08-30 10:26:52.000,"",851.00,CO00000012,RET
1008,2022-07-29 05:15:19.000,"",880.00,CO00000008,DEP
1009,2020-04-01 02:28:10.000,"",526.00,CO00000004,DEP
1010,2022-01-06 07:21:43.000,"",194.00,CO00000004,RET
1011,2022-01-04 09:49:54.000,"",98.00,CO00000009,RET
1012,2021-05-27 06:31:31.000,"",6.00,CO00000005,RET
1013,2020-11-14 03:07:53.000,"",654.00,CO00000004,DEP
1014,2020-06-09 06:19:09.000,"",721.00,CO00000004,RET
1015,2022-04-10 05:37:02.000,"",775.00,CC00000002,DEP
1016,2021-08-22 08:20:13.000,"",860.00,CO00000001,RET
1017,2021-08-18 01:27:09.000,"",486.00,LI00000001,VIR
1018,2020-01-18 07:10:12.000,"",608.00,CC00000001,RET
1019,2020-11-04 01:43:22.000,"",807.00,CO00000007,RET
1020,2020-07-09 09:45:03.000,"",309.00,CO00000008,VIR
1021,2021-03-21 02:25:40.000,"",645.00,LI00000004,RET
1022,2020-05-27 08:18:39.000,"",745.00,LI00000002,DEP
1023,2022-08-13 00:42:53.000,"",992.00,CO00000011,DEP
1024,2020-03-06 08:11:52.000,"",309.00,CC00000002,VIR
1025,2020-10-23 06:35:47.000,"",655.00,CO00000011,RET
1026,2022-01-16 07:48:39.000,"",409.00,CO00000005,DEP
1027,2022-07-31 04:24:41.000,"",987.00,CO00000002,DEP
1028,2021-05-29 11:53:41.000,"",707.00,CO00000009,RET
1029,2021-09-08 01:16:15.000,"",343.00,CO00000010,VIR
1030,2020-09-07 07:27:06.000,"",39.00,CO00000009,RET
1031,2021-10-17 02:44:24.000,"",240.00,LI00000002,RET
1032,2021-08-13 03:30:41.000,"",110.00,CC00000002,VIR
1033,2021-06-22 02:00:57.000,"",427.00,CO00000003,RET
1034,2021-02-07 08:01:10.000,"",323.00,CO00000005,DEP
1035,2022-01-16 10:50:07.000,"",361.00,CO00000001,RET
1036,2021-05-11 11:05:08.000,"",321.00,LI00000001,DEP
1037,2022-05-12 04:22:33.000,"",791.00,CO00000008,DEP
1038,2021-11-26 10:50:44.000,"",108.00,LI00000006,DEP
1039,2021-04-25 06:23:41.000,"",435.00,CC00000001,RET
1040,2020-04-08 10:11:20.000,"",836.00,CO00000006,DEP
1041,2020-02-29 03:51:14.000,"",963.00,LI00000006,DEP
1042,2020-01-20 04:35:47.000,"",614.00,CO00000008,RET
1043,2020-06-22 02:17:02.000,"",775.00,CO00000007,VIR
